"","sex","survival_rate"
"1",1,283.231884057971
"2",2,338.966666666667
